"First name";"Last name";"Birth date";"Nationality";"Preferred language";"Address line 1";"Address line 2";"Postal code";"City";"Country code";"Email";"Phone number";"Comment";"Guest comment";"Travel purpose";"Amount of guests";"Amount of adults";"Amount of children";"Check in date";"Check in time";"Check out date";"Check out time";"Unit group";"Unit";"External code";"Channel";"Source";"Rate plan";"Credit card number";"Gross amount";"ID";"Property code";"Booking ID";"Status";"Created at";"Arrival";"Departure";"Number of days";"Guarantee type";"Balance";"Currency";"Company";"Commission";"Price before commission";"Promo code";"Corporate code";"Room move";"Cancellation date";"Cancellation time";"No-show date";"No-show time"
"Mathilda";"Alexa";"15/10/1990";"";"";"Leopoldstraße 8-10";"";"80802";"München";"DE";"daisy01.sunshine01+mathilda.alexa@gmail.com";"+4989123343";"";"";"";2;2;0;"";"";"";"";"Double";"G.014";"";"Direct";"";"Include Breakfast";"1111";111;"FUMZXIHB-1";"VIE";"FUMZXIHB";"Confirmed";"15/10/2021";"16/10/2021";"17/10/2021";1;"Credit Card";-111;"EUR";"";"";"";"";"";"";"";"";"";""
"Richard";"Axmann";"15/10/1990";"";"";"Leopoldstraße 8-10";"";"80802";"München";"DE";"daisy01.sunshine01+richard.axmann@gmail.com";"+4989123343";"";"";"";1;1;0;"";"";"";"";"Single";"4.007";"";"Direct";"";"Non Refundable";"1111";184;"NGYXHIPB-1";"BER";"NGYXHIPB";"Confirmed";"15/10/2021";"16/10/2021";"19/10/2021";3;"Prepayment";-184;"EUR";"";"";"";"";"";"";"";"";"";""
"Collien";"Balnuweit";"15/10/1990";"";"";"Leopoldstraße 8-10";"";"80802";"München";"DE";"daisy01.sunshine01+collien.balnuweit@gmail.com";"+4989123343";"";"";"";1;1;0;"";"";"";"";"Single";"1.007";"";"Direct";"";"Non Refundable";"1111";427;"YJZRRBFX-1";"MUC";"YJZRRBFX";"Confirmed";"15/10/2021";"16/10/2021";"21/10/2021";5;"Prepayment";-427;"EUR";"";"";"";"";"";"";"";"";"";""
"Preston";"Barton";"15/10/1990";"";"";"22 Limerick Road";"";"B3 1JK";"Birmingham";"GB";"daisy01.sunshine01+preston.barton@gmail.com";"+4989123343";"";"";"";1;1;0;"";"";"";"";"Family room";"3.001";"";"Direct";"";"Non Refundable Family";"1111";130;"BJAEGQWI-1";"LND";"BJAEGQWI";"Confirmed";"15/10/2021";"16/10/2021";"17/10/2021";1;"Prepayment";-130;"GBP";"";"";"";"";"";"";"";"";"";""
"Yusuf";"Berger";"15/10/1990";"";"";"Leopoldstraße 8-10";"";"80802";"München";"DE";"daisy01.sunshine01+yusuf.berger@gmail.com";"+4989123343";"";"";"";2;2;0;"";"";"";"";"Double";"2.005";"";"Direct";"";"Include Breakfast";"1111";734;"XXFVRDZM-1";"VIE";"XXFVRDZM";"Confirmed";"15/10/2021";"16/10/2021";"22/10/2021";6;"Credit Card";-734;"EUR";"";"";"";"";"";"";"";"";"";""
"Mona";"Blume";"15/10/1990";"";"";"Leopoldstraße 8-10";"";"80802";"München";"DE";"daisy01.sunshine01+mona.blume@gmail.com";"+4989123343";"";"";"";1;1;0;"";"";"";"";"Double";"1.010";"";"Direct";"";"Include Breakfast";"1111";126;"HHNPVEJQ-1";"BER";"HHNPVEJQ";"Confirmed";"15/10/2021";"16/10/2021";"17/10/2021";1;"Credit Card";-126;"EUR";"";"";"";"";"";"";"";"";"";""
"Elizabeth";"Boyle";"15/10/1990";"";"";"22 Limerick Road";"";"B3 1JK";"Birmingham";"GB";"daisy01.sunshine01+elizabeth.boyle@gmail.com";"+4989123343";"";"";"";1;1;0;"";"";"";"";"Single";"1.010";"";"Direct";"";"Non Refundable";"1111";100;"HXWZSPLE-1";"LND";"HXWZSPLE";"Confirmed";"15/10/2021";"16/10/2021";"17/10/2021";1;"Prepayment";-100;"GBP";"";"";"";"";"";"";"";"";"";""
"Jaime";"Effertz";"15/10/1990";"";"";"22 Limerick Road";"";"B3 1JK";"Birmingham";"GB";"daisy01.sunshine01+jaime.effertz@gmail.com";"+4989123343";"";"";"";1;1;0;"";"";"";"";"Double";"G.016";"";"Direct";"";"Non Refundable";"1111";247;"VLSEZOLG-1";"LND";"VLSEZOLG";"Confirmed";"15/10/2021";"16/10/2021";"18/10/2021";2;"Prepayment";-247;"GBP";"";"";"";"";"";"";"";"";"";""
"Miray";"Erhardt";"15/10/1990";"";"";"Leopoldstraße 8-10";"";"80802";"München";"DE";"daisy01.sunshine01+miray.erhardt@gmail.com";"+4989123343";"";"";"";1;1;0;"";"";"";"";"Double";"G.005";"";"Direct";"";"Non Refundable";"1111";96;"GFWFVBQN-1";"BER";"GFWFVBQN";"Confirmed";"15/10/2021";"16/10/2021";"17/10/2021";1;"Prepayment";-96;"EUR";"";"";"";"";"";"";"";"";"";""
"Nela";"Fried";"15/10/1990";"";"";"Leopoldstraße 8-10";"";"80802";"München";"DE";"daisy01.sunshine01+nela.fried@gmail.com";"+4989123343";"";"";"";2;2;0;"";"";"";"";"Double";"1.004";"";"Direct";"";"Non Refundable";"1111";81;"JEPEBFXQ-1";"VIE";"JEPEBFXQ";"Confirmed";"15/10/2021";"16/10/2021";"17/10/2021";1;"Prepayment";-81;"EUR";"";"";"";"";"";"";"";"";"";""
"Levi";"Hansen";"15/10/1990";"";"";"22 Limerick Road";"";"B3 1JK";"Birmingham";"GB";"daisy01.sunshine01+levi.hansen@gmail.com";"+4989123343";"";"";"";1;1;0;"";"";"";"";"Double";"G.006";"";"Direct";"";"Non Refundable";"1111";130;"JCFLLHLJ-1";"LND";"JCFLLHLJ";"Confirmed";"15/10/2021";"16/10/2021";"17/10/2021";1;"Prepayment";-130;"GBP";"";"";"";"";"";"";"";"";"";""
"Tyler";"Harvey";"15/10/1990";"";"";"22 Limerick Road";"";"B3 1JK";"Birmingham";"GB";"daisy01.sunshine01+tyler.harvey@gmail.com";"+4989123343";"";"";"";2;2;0;"";"";"";"";"Family room";"3.002";"";"Direct";"";"Non Refundable Family";"1111";287;"LVLFIYBS-1";"LND";"LVLFIYBS";"Confirmed";"15/10/2021";"16/10/2021";"18/10/2021";2;"Prepayment";-287;"GBP";"";"";"";"";"";"";"";"";"";""
"Yvonne";"Hermann";"15/10/1990";"";"";"Leopoldstraße 8-10";"";"80802";"München";"DE";"daisy01.sunshine01+yvonne.hermann@gmail.com";"+4989123343";"";"";"";1;1;0;"";"";"";"";"Double";"3.015";"";"Direct";"";"Non Refundable";"1111";71;"SPDYSGXJ-1";"VIE";"SPDYSGXJ";"Confirmed";"15/10/2021";"16/10/2021";"17/10/2021";1;"Prepayment";-71;"EUR";"";"";"";"";"";"";"";"";"";""
"Ibrahim";"Hohn";"15/10/1990";"";"";"Leopoldstraße 8-10";"";"80802";"München";"DE";"daisy01.sunshine01+ibrahim.hohn@gmail.com";"+4989123343";"";"";"";1;1;0;"";"";"";"";"Double";"1.006";"";"Direct";"";"Non Refundable";"1111";409;"ISUDVCQL-1";"VIE";"ISUDVCQL";"Confirmed";"15/10/2021";"16/10/2021";"21/10/2021";5;"Prepayment";-409;"EUR";"";"";"";"";"";"";"";"";"";""
"Helen";"Kraus";"15/10/1990";"";"";"Leopoldstraße 8-10";"";"80802";"München";"DE";"daisy01.sunshine01+helen.kraus@gmail.com";"+4989123343";"";"";"";1;1;0;"";"";"";"";"Double";"4.019";"";"Direct";"";"Include Breakfast";"1111";438;"RKWHOYRE-1";"VIE";"RKWHOYRE";"Confirmed";"15/10/2021";"16/10/2021";"20/10/2021";4;"Credit Card";-438;"EUR";"";"";"";"";"";"";"";"";"";""
"Antonia";"Matthes";"15/10/1990";"";"";"Leopoldstraße 8-10";"";"80802";"München";"DE";"daisy01.sunshine01+antonia.matthes@gmail.com";"+4989123343";"";"";"";1;1;0;"";"";"";"";"Family room";"3.002";"";"Direct";"";"Non Refundable Family";"1111";128;"XOSKRNZO-1";"MUC";"XOSKRNZO";"Confirmed";"15/10/2021";"16/10/2021";"17/10/2021";1;"Prepayment";-128;"EUR";"";"";"";"";"";"";"";"";"";""
"Luis";"Sonnabend";"15/10/1990";"";"";"Leopoldstraße 8-10";"";"80802";"München";"DE";"daisy01.sunshine01+luis.sonnabend@gmail.com";"+4989123343";"";"";"";1;1;0;"";"";"";"";"Double";"3.019";"";"Direct";"";"Non Refundable";"1111";150;"VRPTSVHY-1";"VIE";"VRPTSVHY";"Confirmed";"15/10/2021";"16/10/2021";"18/10/2021";2;"Prepayment";-150;"EUR";"";"";"";"";"";"";"";"";"";""
"Marit";"Uhrig";"15/10/1990";"";"";"Leopoldstraße 8-10";"";"80802";"München";"DE";"daisy01.sunshine01+marit.uhrig@gmail.com";"+4989123343";"";"";"";1;1;0;"";"";"";"";"Double";"G.005";"";"Direct";"";"Include Breakfast";"1111";133;"SASNHBPE-1";"MUC";"SASNHBPE";"Confirmed";"15/10/2021";"16/10/2021";"17/10/2021";1;"Credit Card";-133;"EUR";"";"";"";"";"";"";"";"";"";""
"Glenna";"Watsica";"15/10/1990";"";"";"22 Limerick Road";"";"B3 1JK";"Birmingham";"GB";"daisy01.sunshine01+glenna.watsica@gmail.com";"+4989123343";"";"";"";1;1;0;"";"";"";"";"Double";"1.006";"";"Direct";"";"Non Refundable";"1111";130;"GFJDEKEN-1";"LND";"GFJDEKEN";"Confirmed";"15/10/2021";"16/10/2021";"17/10/2021";1;"Prepayment";-130;"GBP";"";"";"";"";"";"";"";"";"";""
"Abigayle";"Zulauf";"15/10/1990";"";"";"22 Limerick Road";"";"B3 1JK";"Birmingham";"GB";"daisy01.sunshine01+abigayle.zulauf@gmail.com";"+4989123343";"";"";"";2;2;0;"";"";"";"";"Double";"1.015";"";"Direct";"";"Include Breakfast";"1111";175;"VAUGQFRL-1";"LND";"VAUGQFRL";"Confirmed";"15/10/2021";"16/10/2021";"17/10/2021";1;"Credit Card";-175;"GBP";"";"";"";"";"";"";"";"";"";""
"Frederike";"Burkhardt";"15/10/1990";"";"";"Leopoldstraße 8-10";"";"80802";"München";"DE";"daisy01.sunshine01+frederike.burkhardt@gmail.com";"+4989123343";"";"";"";2;2;0;"";"";"";"";"Double";"1.019";"";"Direct";"";"Non Refundable";"1111";181;"XZLMJPDR-1";"VIE";"XZLMJPDR";"Confirmed";"15/10/2021";"17/10/2021";"19/10/2021";2;"Prepayment";-181;"EUR";"";"";"";"";"";"";"";"";"";""
"Finley";"Buss";"15/10/1990";"";"";"Leopoldstraße 8-10";"";"80802";"München";"DE";"daisy01.sunshine01+finley.buss@gmail.com";"+4989123343";"";"";"";1;1;0;"";"";"";"";"Double";"G.019";"";"Direct";"";"Include Breakfast";"1111";350;"HLDRXRJP-1";"BER";"HLDRXRJP";"Confirmed";"15/10/2021";"17/10/2021";"20/10/2021";3;"Credit Card";-350;"EUR";"";"";"";"";"";"";"";"";"";""
"Henning";"Franz";"15/10/1990";"";"";"Leopoldstraße 8-10";"";"80802";"München";"DE";"daisy01.sunshine01+henning.franz@gmail.com";"+4989123343";"";"";"";2;2;0;"";"";"";"";"Double";"2.005";"";"Direct";"";"Include Breakfast";"1111";172;"FFYUAEFJ-1";"MUC";"FFYUAEFJ";"Confirmed";"15/10/2021";"17/10/2021";"18/10/2021";1;"Credit Card";-172;"EUR";"";"";"";"";"";"";"";"";"";""
"Rogers";"Halvorson";"15/10/1990";"";"";"22 Limerick Road";"";"B3 1JK";"Birmingham";"GB";"daisy01.sunshine01+rogers.halvorson@gmail.com";"+4989123343";"";"";"";2;2;0;"";"";"";"";"Double";"1.006";"";"Direct";"";"Non Refundable";"1111";514;"RZUHIVOM-1";"LND";"RZUHIVOM";"Confirmed";"15/10/2021";"17/10/2021";"21/10/2021";4;"Prepayment";-514;"GBP";"";"";"";"";"";"";"";"";"";""
"Paulina";"Harnapp";"15/10/1990";"";"";"Leopoldstraße 8-10";"";"80802";"München";"DE";"daisy01.sunshine01+paulina.harnapp@gmail.com";"+4989123343";"";"";"";1;1;0;"";"";"";"";"Single";"4.003";"";"Direct";"";"Non Refundable";"1111";49;"HGMIIFXS-1";"VIE";"HGMIIFXS";"Confirmed";"15/10/2021";"17/10/2021";"18/10/2021";1;"Prepayment";-49;"EUR";"";"";"";"";"";"";"";"";"";""
"Hamza";"Heinke";"15/10/1990";"";"";"Leopoldstraße 8-10";"";"80802";"München";"DE";"daisy01.sunshine01+hamza.heinke@gmail.com";"+4989123343";"";"";"";1;1;0;"";"";"";"";"Single";"4.012";"";"Direct";"";"Non Refundable";"1111";56;"IGUMSPXK-1";"BER";"IGUMSPXK";"Confirmed";"15/10/2021";"17/10/2021";"18/10/2021";1;"Prepayment";-56;"EUR";"";"";"";"";"";"";"";"";"";""
"Oscar";"Knabe";"15/10/1990";"";"";"Leopoldstraße 8-10";"";"80802";"München";"DE";"daisy01.sunshine01+oscar.knabe@gmail.com";"+4989123343";"";"";"";1;1;0;"";"";"";"";"Double";"4.014";"";"Direct";"";"Non Refundable";"1111";86;"HDWLSZWC-1";"BER";"HDWLSZWC";"Confirmed";"15/10/2021";"17/10/2021";"18/10/2021";1;"Prepayment";-86;"EUR";"";"";"";"";"";"";"";"";"";""
"Mayra";"Merseburg";"15/10/1990";"";"";"Leopoldstraße 8-10";"";"80802";"München";"DE";"daisy01.sunshine01+mayra.merseburg@gmail.com";"+4989123343";"";"";"";1;1;0;"";"";"";"";"Single";"4.018";"";"Direct";"";"Non Refundable";"1111";381;"DKSOFUCR-1";"BER";"DKSOFUCR";"Confirmed";"15/10/2021";"17/10/2021";"24/10/2021";7;"Prepayment";-381;"EUR";"";"";"";"";"";"";"";"";"";""
"Gina";"Porsche";"15/10/1990";"";"";"Leopoldstraße 8-10";"";"80802";"München";"DE";"daisy01.sunshine01+gina.porsche@gmail.com";"+4989123343";"";"";"";2;2;0;"";"";"";"";"Double";"G.011";"";"Direct";"";"Non Refundable";"1111";142;"CIDWWYMG-1";"MUC";"CIDWWYMG";"Confirmed";"15/10/2021";"17/10/2021";"18/10/2021";1;"Prepayment";-142;"EUR";"";"";"";"";"";"";"";"";"";""
"Kimberly";"Vona";"15/10/1990";"";"";"Leopoldstraße 8-10";"";"80802";"München";"DE";"daisy01.sunshine01+kimberly.vona@gmail.com";"+4989123343";"";"";"";1;1;0;"";"";"";"";"Double";"4.020";"";"Direct";"";"Include Breakfast";"1111";116;"IEDKELVU-1";"BER";"IEDKELVU";"Confirmed";"15/10/2021";"17/10/2021";"18/10/2021";1;"Credit Card";-116;"EUR";"";"";"";"";"";"";"";"";"";""
"Lio";"Bäcker";"15/10/1990";"";"";"Leopoldstraße 8-10";"";"80802";"München";"DE";"daisy01.sunshine01+lio.bäcker@gmail.com";"+4989123343";"";"";"";1;1;0;"";"";"";"";"Double";"2.009";"";"Direct";"";"Non Refundable";"1111";752;"JMFBBSAJ-1";"VIE";"JMFBBSAJ";"Confirmed";"15/10/2021";"18/10/2021";"27/10/2021";9;"Prepayment";-752;"EUR";"";"";"";"";"";"";"";"";"";""
"Eleazar";"Bartell";"15/10/1990";"";"";"22 Limerick Road";"";"B3 1JK";"Birmingham";"GB";"daisy01.sunshine01+eleazar.bartell@gmail.com";"+4989123343";"";"";"";2;2;0;"";"";"";"";"Double";"2.011";"";"Direct";"";"Non Refundable";"1111";126;"MILCZHCZ-1";"LND";"MILCZHCZ";"Confirmed";"15/10/2021";"18/10/2021";"19/10/2021";1;"Prepayment";-126;"GBP";"";"";"";"";"";"";"";"";"";""
"Jessy";"Gutkowski";"15/10/1990";"";"";"22 Limerick Road";"";"B3 1JK";"Birmingham";"GB";"daisy01.sunshine01+jessy.gutkowski@gmail.com";"+4989123343";"";"";"";1;1;0;"";"";"";"";"Double";"1.012";"";"Direct";"";"Non Refundable";"1111";822;"IXXOUZPU-1";"LND";"IXXOUZPU";"Confirmed";"15/10/2021";"18/10/2021";"25/10/2021";7;"Prepayment";-822;"GBP";"";"";"";"";"";"";"";"";"";""
"Brando";"Hodkiewicz";"15/10/1990";"";"";"22 Limerick Road";"";"B3 1JK";"Birmingham";"GB";"daisy01.sunshine01+brando.hodkiewicz@gmail.com";"+4989123343";"";"";"";2;2;0;"";"";"";"";"Family room";"3.001";"";"Direct";"";"Non Refundable Family";"1111";131;"COWYNRPH-1";"LND";"COWYNRPH";"Confirmed";"15/10/2021";"18/10/2021";"19/10/2021";1;"Prepayment";-131;"GBP";"";"";"";"";"";"";"";"";"";""
"Norman";"Sihler";"15/10/1990";"";"";"Leopoldstraße 8-10";"";"80802";"München";"DE";"daisy01.sunshine01+norman.sihler@gmail.com";"+4989123343";"";"";"";1;1;0;"";"";"";"";"Double";"3.004";"";"Direct";"";"Non Refundable";"1111";92;"UWSYBKHN-1";"BER";"UWSYBKHN";"Confirmed";"15/10/2021";"18/10/2021";"19/10/2021";1;"Prepayment";-92;"EUR";"";"";"";"";"";"";"";"";"";""
"Ayman";"Sommer";"15/10/1990";"";"";"Leopoldstraße 8-10";"";"80802";"München";"DE";"daisy01.sunshine01+ayman.sommer@gmail.com";"+4989123343";"";"";"";1;1;0;"";"";"";"";"Double";"4.016";"";"Direct";"";"Non Refundable";"1111";174;"AFAHOASA-1";"BER";"AFAHOASA";"Confirmed";"15/10/2021";"18/10/2021";"20/10/2021";2;"Prepayment";-174;"EUR";"";"";"";"";"";"";"";"";"";""
"Karolina";"Striezel";"15/10/1990";"";"";"Leopoldstraße 8-10";"";"80802";"München";"DE";"daisy01.sunshine01+karolina.striezel@gmail.com";"+4989123343";"";"";"";1;1;0;"";"";"";"";"Double";"G.020";"";"Direct";"";"Non Refundable";"1111";92;"OSSDJLHY-1";"BER";"OSSDJLHY";"Confirmed";"15/10/2021";"18/10/2021";"19/10/2021";1;"Prepayment";-92;"EUR";"";"";"";"";"";"";"";"";"";""
"Nikolai";"Wiegelmann";"15/10/1990";"";"";"Leopoldstraße 8-10";"";"80802";"München";"DE";"daisy01.sunshine01+nikolai.wiegelmann@gmail.com";"+4989123343";"";"";"";2;2;0;"";"";"";"";"Family room";"3.001";"";"Direct";"";"Non Refundable Family";"1111";177;"YGPIFQWC-1";"MUC";"YGPIFQWC";"Confirmed";"15/10/2021";"18/10/2021";"19/10/2021";1;"Prepayment";-177;"EUR";"";"";"";"";"";"";"";"";"";""
"Marina";"Bloch";"15/10/1990";"";"";"Leopoldstraße 8-10";"";"80802";"München";"DE";"daisy01.sunshine01+marina.bloch@gmail.com";"+4989123343";"";"";"";1;1;0;"";"";"";"";"Double";"2.014";"";"Direct";"";"Flexible";"1111";305;"CZGXRQJK-1";"BER";"CZGXRQJK";"Confirmed";"15/10/2021";"19/10/2021";"22/10/2021";3;"Credit Card";-305;"EUR";"";"";"";"";"";"";"";"";"";""
"Marina";"Dyett";"15/10/1990";"";"";"Leopoldstraße 8-10";"";"80802";"München";"DE";"daisy01.sunshine01+marina.dyett@gmail.com";"+4989123343";"";"";"";2;2;0;"";"";"";"";"Double";"1.015";"";"Direct";"";"Flexible";"1111";112;"FBKYTWAZ-1";"BER";"FBKYTWAZ";"Confirmed";"15/10/2021";"19/10/2021";"20/10/2021";1;"Credit Card";-112;"EUR";"";"";"";"";"";"";"";"";"";""
"Collin";"Schwarz";"15/10/1990";"";"";"Leopoldstraße 8-10";"";"80802";"München";"DE";"daisy01.sunshine01+collin.schwarz@gmail.com";"+4989123343";"";"";"";2;2;0;"";"";"";"";"Double";"3.019";"";"Direct";"";"Flexible";"1111";116;"TBWPBWYV-1";"VIE";"TBWPBWYV";"Confirmed";"15/10/2021";"19/10/2021";"20/10/2021";1;"Credit Card";-116;"EUR";"";"";"";"";"";"";"";"";"";""
"Jena";"Frami";"15/10/1990";"";"";"22 Limerick Road";"";"B3 1JK";"Birmingham";"GB";"daisy01.sunshine01+jena.frami@gmail.com";"+4989123343";"";"";"";2;2;0;"";"";"";"";"Family room";"3.002";"";"Direct";"";"Flexible Family";"1111";150;"HXFNTECG-1";"LND";"HXFNTECG";"Confirmed";"15/10/2021";"20/10/2021";"21/10/2021";1;"Credit Card";-150;"GBP";"";"";"";"";"";"";"";"";"";""
"Rebekka";"Grüner";"15/10/1990";"";"";"Leopoldstraße 8-10";"";"80802";"München";"DE";"daisy01.sunshine01+rebekka.grüner@gmail.com";"+4989123343";"";"";"";1;1;0;"";"";"";"";"Single";"3.012";"";"Direct";"";"Flexible";"1111";60;"EXZMFLCR-1";"BER";"EXZMFLCR";"Confirmed";"15/10/2021";"20/10/2021";"21/10/2021";1;"Credit Card";-60;"EUR";"";"";"";"";"";"";"";"";"";""
"Malia";"Schöckel";"15/10/1990";"";"";"Leopoldstraße 8-10";"";"80802";"München";"DE";"daisy01.sunshine01+malia.schöckel@gmail.com";"+4989123343";"";"";"";1;1;0;"";"";"";"";"Double";"1.009";"";"Direct";"";"Flexible";"1111";1055;"YCZBCBTZ-1";"MUC";"YCZBCBTZ";"Confirmed";"15/10/2021";"20/10/2021";"28/10/2021";8;"Credit Card";-1055;"EUR";"";"";"";"";"";"";"";"";"";""
"Lukas";"Töpfer";"15/10/1990";"";"";"Leopoldstraße 8-10";"";"80802";"München";"DE";"daisy01.sunshine01+lukas.töpfer@gmail.com";"+4989123343";"";"";"";1;1;0;"";"";"";"";"Double";"3.010";"";"Direct";"";"Include Breakfast";"1111";569;"UOCIGZNM-1";"VIE";"UOCIGZNM";"Confirmed";"15/10/2021";"20/10/2021";"25/10/2021";5;"Credit Card";-569;"EUR";"";"";"";"";"";"";"";"";"";""
"Leroy";"Böttner";"15/10/1990";"";"";"Leopoldstraße 8-10";"";"80802";"München";"DE";"daisy01.sunshine01+leroy.böttner@gmail.com";"+4989123343";"";"";"";1;1;0;"";"";"";"";"Double";"G.019";"";"Direct";"";"Include Breakfast";"1111";219;"DDSLRYZI-1";"VIE";"DDSLRYZI";"Confirmed";"15/10/2021";"21/10/2021";"23/10/2021";2;"Credit Card";-219;"EUR";"";"";"";"";"";"";"";"";"";""
"Jonna";"Gerschler";"15/10/1990";"";"";"Leopoldstraße 8-10";"";"80802";"München";"DE";"daisy01.sunshine01+jonna.gerschler@gmail.com";"+4989123343";"";"";"";2;2;0;"";"";"";"";"Double";"G.005";"";"Direct";"";"Non Refundable";"1111";95;"YWDJVUJH-1";"VIE";"YWDJVUJH";"Confirmed";"15/10/2021";"21/10/2021";"22/10/2021";1;"Prepayment";-95;"EUR";"";"";"";"";"";"";"";"";"";""
"Bianca";"Gotz";"15/10/1990";"";"";"Leopoldstraße 8-10";"";"80802";"München";"DE";"daisy01.sunshine01+bianca.gotz@gmail.com";"+4989123343";"";"";"";2;2;0;"";"";"";"";"Double";"3.015";"";"Direct";"";"Non Refundable";"1111";179;"RELVATPR-1";"VIE";"RELVATPR";"Confirmed";"15/10/2021";"21/10/2021";"23/10/2021";2;"Prepayment";-179;"EUR";"";"";"";"";"";"";"";"";"";""
"Fritz";"Honz";"15/10/1990";"";"";"Leopoldstraße 8-10";"";"80802";"München";"DE";"daisy01.sunshine01+fritz.honz@gmail.com";"+4989123343";"";"";"";2;2;0;"";"";"";"";"Double";"2.020";"";"Direct";"";"Non Refundable";"1111";291;"PQRIJBOG-1";"BER";"PQRIJBOG";"Confirmed";"15/10/2021";"21/10/2021";"24/10/2021";3;"Prepayment";-291;"EUR";"";"";"";"";"";"";"";"";"";""
"Klara";"Faulhaber";"15/10/1990";"";"";"Leopoldstraße 8-10";"";"80802";"München";"DE";"daisy01.sunshine01+klara.faulhaber@gmail.com";"+4989123343";"";"";"";2;2;0;"";"";"";"";"Double";"4.016";"";"Direct";"";"Include Breakfast";"1111";363;"NCAJSZPB-1";"VIE";"NCAJSZPB";"Confirmed";"15/10/2021";"22/10/2021";"25/10/2021";3;"Credit Card";-363;"EUR";"";"";"";"";"";"";"";"";"";""
"Matilda";"Nagel";"15/10/1990";"";"";"Leopoldstraße 8-10";"";"80802";"München";"DE";"daisy01.sunshine01+matilda.nagel@gmail.com";"+4989123343";"";"";"";1;1;0;"";"";"";"";"Double";"4.020";"";"Direct";"";"Flexible";"1111";94;"UHZJMBQW-1";"VIE";"UHZJMBQW";"Confirmed";"15/10/2021";"22/10/2021";"23/10/2021";1;"Credit Card";-94;"EUR";"";"";"";"";"";"";"";"";"";""
"Erik";"Seiders";"15/10/1990";"";"";"Leopoldstraße 8-10";"";"80802";"München";"DE";"daisy01.sunshine01+erik.seiders@gmail.com";"+4989123343";"";"";"";2;2;0;"";"";"";"";"Double";"1.005";"";"Direct";"";"Flexible";"1111";228;"RIQZAPPC-1";"BER";"RIQZAPPC";"Confirmed";"15/10/2021";"22/10/2021";"24/10/2021";2;"Credit Card";-228;"EUR";"";"";"";"";"";"";"";"";"";""
"Francesca";"Diedrich";"15/10/1990";"";"";"Leopoldstraße 8-10";"";"80802";"München";"DE";"daisy01.sunshine01+francesca.diedrich@gmail.com";"+4989123343";"";"";"";2;2;0;"";"";"";"";"Family room";"3.002";"";"Direct";"";"Flexible Family";"1111";187;"WQGXVHPZ-1";"MUC";"WQGXVHPZ";"Confirmed";"15/10/2021";"24/10/2021";"25/10/2021";1;"Credit Card";-187;"EUR";"";"";"";"";"";"";"";"";"";""
"Celina";"Scheer";"15/10/1990";"";"";"Leopoldstraße 8-10";"";"80802";"München";"DE";"daisy01.sunshine01+celina.scheer@gmail.com";"+4989123343";"";"";"";2;2;0;"";"";"";"";"Double";"G.009";"";"Direct";"";"Non Refundable";"1111";752;"WKSVJSDG-1";"BER";"WKSVJSDG";"Confirmed";"15/10/2021";"24/10/2021";"1/11/2021";8;"Prepayment";-752;"EUR";"";"";"";"";"";"";"";"";"";""
"Ana";"Urbaniak";"15/10/1990";"";"";"Leopoldstraße 8-10";"";"80802";"München";"DE";"daisy01.sunshine01+ana.urbaniak@gmail.com";"+4989123343";"";"";"";1;1;0;"";"";"";"";"Double";"1.006";"";"Direct";"";"Include Breakfast";"1111";232;"DODGCTII-1";"VIE";"DODGCTII";"Confirmed";"15/10/2021";"24/10/2021";"26/10/2021";2;"Credit Card";-232;"EUR";"";"";"";"";"";"";"";"";"";""
"Yven";"Bos";"15/10/1990";"";"";"Leopoldstraße 8-10";"";"80802";"München";"DE";"daisy01.sunshine01+yven.bos@gmail.com";"+4989123343";"";"";"";1;1;0;"";"";"";"";"Family room";"3.002";"";"Direct";"";"Non Refundable Family";"1111";254;"KSGWXRAC-1";"MUC";"KSGWXRAC";"Confirmed";"15/10/2021";"25/10/2021";"27/10/2021";2;"Prepayment";-254;"EUR";"";"";"";"";"";"";"";"";"";""
"Alice";"Eleyth";"15/10/1990";"";"";"Leopoldstraße 8-10";"";"80802";"München";"DE";"daisy01.sunshine01+alice.eleyth@gmail.com";"+4989123343";"";"";"";1;1;0;"";"";"";"";"Single";"1.010";"";"Direct";"";"Non Refundable";"1111";178;"ZQEBUJGH-1";"MUC";"ZQEBUJGH";"Confirmed";"15/10/2021";"28/10/2021";"30/10/2021";2;"Prepayment";-178;"EUR";"";"";"";"";"";"";"";"";"";""
"Mustafa";"Lienshöft";"15/10/1990";"";"";"Leopoldstraße 8-10";"";"80802";"München";"DE";"daisy01.sunshine01+mustafa.lienshöft@gmail.com";"+4989123343";"";"";"";2;2;0;"";"";"";"";"Double";"2.005";"";"Direct";"";"Include Breakfast";"1111";116;"QAHDKPXE-1";"VIE";"QAHDKPXE";"Confirmed";"15/10/2021";"28/10/2021";"29/10/2021";1;"Credit Card";-116;"EUR";"";"";"";"";"";"";"";"";"";""
"Maira";"Ponitzsch";"15/10/1990";"";"";"Leopoldstraße 8-10";"";"80802";"München";"DE";"daisy01.sunshine01+maira.ponitzsch@gmail.com";"+4989123343";"";"";"";1;1;0;"";"";"";"";"Double";"1.009";"";"Direct";"";"Flexible";"1111";142;"ZDYRPHLA-1";"MUC";"ZDYRPHLA";"Confirmed";"15/10/2021";"28/10/2021";"29/10/2021";1;"Credit Card";-142;"EUR";"";"";"";"";"";"";"";"";"";""
"Dante";"Kirlin";"15/10/1990";"";"";"22 Limerick Road";"";"B3 1JK";"Birmingham";"GB";"daisy01.sunshine01+dante.kirlin@gmail.com";"+4989123343";"";"";"";2;2;0;"";"";"";"";"Double";"1.001";"";"Direct";"";"Non Refundable";"1111";675;"QRFZEEMT-1";"LND";"QRFZEEMT";"Confirmed";"15/10/2021";"29/10/2021";"3/11/2021";5;"Prepayment";-675;"GBP";"";"";"";"";"";"";"";"";"";""
"Meike";"Schreiner";"15/10/1990";"";"";"Leopoldstraße 8-10";"";"80802";"München";"DE";"daisy01.sunshine01+meike.schreiner@gmail.com";"+4989123343";"";"";"";2;2;0;"";"";"";"";"Double";"3.009";"";"Direct";"";"Non Refundable";"1111";92;"UOCUMUQS-1";"VIE";"UOCUMUQS";"Confirmed";"15/10/2021";"29/10/2021";"30/10/2021";1;"Prepayment";-92;"EUR";"";"";"";"";"";"";"";"";"";""
"Haylie";"Beahan";"15/10/1990";"";"";"22 Limerick Road";"";"B3 1JK";"Birmingham";"GB";"daisy01.sunshine01+haylie.beahan@gmail.com";"+4989123343";"";"";"";2;2;0;"";"";"";"";"Double";"2.009";"";"Direct";"";"Flexible";"1111";1390;"BQWLZPEK-1";"LND";"BQWLZPEK";"Confirmed";"15/10/2021";"30/10/2021";"8/11/2021";9;"Credit Card";-1390;"GBP";"";"";"";"";"";"";"";"";"";""
"Pia";"Markowski";"15/10/1990";"";"";"Leopoldstraße 8-10";"";"80802";"München";"DE";"daisy01.sunshine01+pia.markowski@gmail.com";"+4989123343";"";"";"";2;2;0;"";"";"";"";"Double";"3.006";"";"Direct";"";"Include Breakfast";"1111";114;"OVSAIGRZ-1";"BER";"OVSAIGRZ";"Confirmed";"15/10/2021";"30/10/2021";"31/10/2021";1;"Credit Card";-114;"EUR";"";"";"";"";"";"";"";"";"";""
"Norman";"Kleiber";"15/10/1990";"";"";"Leopoldstraße 8-10";"";"80802";"München";"DE";"daisy01.sunshine01+norman.kleiber@gmail.com";"+4989123343";"";"";"";2;2;0;"";"";"";"";"Double";"3.009";"";"Direct";"";"Include Breakfast";"1111";117;"IECRZVXI-1";"VIE";"IECRZVXI";"Confirmed";"15/10/2021";"31/10/2021";"1/11/2021";1;"Credit Card";-117;"EUR";"";"";"";"";"";"";"";"";"";""
"Kim";"Peters";"15/10/1990";"";"";"Leopoldstraße 8-10";"";"80802";"München";"DE";"daisy01.sunshine01+kim.peters@gmail.com";"+4989123343";"";"";"";1;1;0;"";"";"";"";"Single";"2.008";"";"Direct";"";"Flexible";"1111";117;"NVBRPBEI-1";"MUC";"NVBRPBEI";"Confirmed";"15/10/2021";"31/10/2021";"1/11/2021";1;"Credit Card";-117;"EUR";"";"";"";"";"";"";"";"";"";""
"Merlin";"Reumann";"15/10/1990";"";"";"Leopoldstraße 8-10";"";"80802";"München";"DE";"daisy01.sunshine01+merlin.reumann@gmail.com";"+4989123343";"";"";"";2;2;0;"";"";"";"";"Double";"2.006";"";"Direct";"";"Include Breakfast";"1111";329;"PNZYPFOK-1";"MUC";"PNZYPFOK";"Confirmed";"15/10/2021";"31/10/2021";"2/11/2021";2;"Credit Card";-329;"EUR";"";"";"";"";"";"";"";"";"";""
"Maurice";"Arendt";"15/10/1990";"";"";"Leopoldstraße 8-10";"";"80802";"München";"DE";"daisy01.sunshine01+maurice.arendt@gmail.com";"+4989123343";"";"";"";1;1;0;"";"";"";"";"Single";"4.008";"";"Direct";"";"Non Refundable";"1111";49;"BPCIWUGM-1";"BER";"BPCIWUGM";"Confirmed";"15/10/2021";"2/11/2021";"3/11/2021";1;"Prepayment";-49;"EUR";"";"";"";"";"";"";"";"";"";""
"Eliah";"Hübenbecker";"15/10/1990";"";"";"Leopoldstraße 8-10";"";"80802";"München";"DE";"daisy01.sunshine01+eliah.hübenbecker@gmail.com";"+4989123343";"";"";"";1;1;0;"";"";"";"";"Single";"4.002";"";"Direct";"";"Flexible";"1111";139;"IVYREIUK-1";"BER";"IVYREIUK";"Confirmed";"15/10/2021";"2/11/2021";"4/11/2021";2;"Credit Card";-139;"EUR";"";"";"";"";"";"";"";"";"";""
"Dayana";"Kassulke";"15/10/1990";"";"";"22 Limerick Road";"";"B3 1JK";"Birmingham";"GB";"daisy01.sunshine01+dayana.kassulke@gmail.com";"+4989123343";"";"";"";2;2;0;"";"";"";"";"Family room";"3.001";"";"Direct";"";"Non Refundable Family";"1111";134;"XJCGMEWR-1";"LND";"XJCGMEWR";"Confirmed";"15/10/2021";"2/11/2021";"3/11/2021";1;"Prepayment";-134;"GBP";"";"";"";"";"";"";"";"";"";""
"Francesco";"Pfeffer";"15/10/1990";"";"";"22 Limerick Road";"";"B3 1JK";"Birmingham";"GB";"daisy01.sunshine01+francesco.pfeffer@gmail.com";"+4989123343";"";"";"";2;2;0;"";"";"";"";"Family room";"3.002";"";"Direct";"";"Non Refundable Family";"1111";840;"ZCKDCHKZ-1";"LND";"ZCKDCHKZ";"Confirmed";"15/10/2021";"4/11/2021";"10/11/2021";6;"Prepayment";-840;"GBP";"";"";"";"";"";"";"";"";"";""
"Giuseppe";"Überacker";"15/10/1990";"";"";"Leopoldstraße 8-10";"";"80802";"München";"DE";"daisy01.sunshine01+giuseppe.überacker@gmail.com";"+4989123343";"";"";"";1;1;0;"";"";"";"";"Family room";"3.002";"";"Direct";"";"Non Refundable Family";"1111";807;"NYYCDBSM-1";"MUC";"NYYCDBSM";"Confirmed";"15/10/2021";"5/11/2021";"12/11/2021";7;"Prepayment";-807;"EUR";"";"";"";"";"";"";"";"";"";""
"Jordyn";"O'Keefe";"15/10/1990";"";"";"22 Limerick Road";"";"B3 1JK";"Birmingham";"GB";"daisy01.sunshine01+jordyn.o'keefe@gmail.com";"+4989123343";"";"";"";1;1;0;"";"";"";"";"Double";"G.015";"";"Direct";"";"Flexible";"1111";276;"XKXUVGRK-1";"LND";"XKXUVGRK";"Confirmed";"15/10/2021";"7/11/2021";"9/11/2021";2;"Credit Card";-276;"GBP";"";"";"";"";"";"";"";"";"";""
"Boris";"Gerlach";"15/10/1990";"";"";"22 Limerick Road";"";"B3 1JK";"Birmingham";"GB";"daisy01.sunshine01+boris.gerlach@gmail.com";"+4989123343";"";"";"";1;1;0;"";"";"";"";"Family room";"3.001";"";"Direct";"";"Non Refundable Family";"1111";122;"QPFKGWRP-1";"LND";"QPFKGWRP";"Confirmed";"15/10/2021";"8/11/2021";"9/11/2021";1;"Prepayment";-122;"GBP";"";"";"";"";"";"";"";"";"";""
"Jakob";"Lowe";"15/10/1990";"";"";"22 Limerick Road";"";"B3 1JK";"Birmingham";"GB";"daisy01.sunshine01+jakob.lowe@gmail.com";"+4989123343";"";"";"";1;1;0;"";"";"";"";"Single";"1.007";"";"Direct";"";"Flexible";"1111";111;"AFPQEUKE-1";"LND";"AFPQEUKE";"Confirmed";"15/10/2021";"9/11/2021";"10/11/2021";1;"Credit Card";-111;"GBP";"";"";"";"";"";"";"";"";"";""
"Noel";"Moser";"15/10/1990";"";"";"Leopoldstraße 8-10";"";"80802";"München";"DE";"daisy01.sunshine01+noel.moser@gmail.com";"+4989123343";"";"";"";1;1;0;"";"";"";"";"Single";"2.017";"";"Direct";"";"Flexible";"1111";94;"QYQVCKHK-1";"MUC";"QYQVCKHK";"Confirmed";"15/10/2021";"10/11/2021";"11/11/2021";1;"Credit Card";-94;"EUR";"";"";"";"";"";"";"";"";"";""
"Ylvi";"Brix";"15/10/1990";"";"";"Leopoldstraße 8-10";"";"80802";"München";"DE";"daisy01.sunshine01+ylvi.brix@gmail.com";"+4989123343";"";"";"";2;2;0;"";"";"";"";"Double";"1.013";"";"Direct";"";"Include Breakfast";"1111";319;"JACBBWAO-1";"MUC";"JACBBWAO";"Confirmed";"15/10/2021";"13/11/2021";"15/11/2021";2;"Credit Card";-319;"EUR";"";"";"";"";"";"";"";"";"";""
"Imke";"Sagonas";"15/10/1990";"";"";"Leopoldstraße 8-10";"";"80802";"München";"DE";"daisy01.sunshine01+imke.sagonas@gmail.com";"+4989123343";"";"";"";2;2;0;"";"";"";"";"Double";"1.020";"";"Direct";"";"Non Refundable";"1111";185;"SNTMBGJW-1";"BER";"SNTMBGJW";"Confirmed";"15/10/2021";"15/11/2021";"17/11/2021";2;"Prepayment";-185;"EUR";"";"";"";"";"";"";"";"";"";""
"Pascal";"Co";"15/10/1990";"";"";"Leopoldstraße 8-10";"";"80802";"München";"DE";"daisy01.sunshine01+pascal.co@gmail.com";"+4989123343";"";"";"";1;1;0;"";"";"";"";"Double";"G.016";"";"Direct";"";"Include Breakfast";"1111";137;"YALSLTMR-1";"MUC";"YALSLTMR";"Confirmed";"15/10/2021";"16/11/2021";"17/11/2021";1;"Credit Card";-137;"EUR";"";"";"";"";"";"";"";"";"";""
"Isai";"Kreiger";"15/10/1990";"";"";"22 Limerick Road";"";"B3 1JK";"Birmingham";"GB";"daisy01.sunshine01+isai.kreiger@gmail.com";"+4989123343";"";"";"";1;1;0;"";"";"";"";"Family room";"3.001";"";"Direct";"";"Non Refundable Family";"1111";495;"TMTFRKBD-1";"LND";"TMTFRKBD";"Confirmed";"15/10/2021";"20/11/2021";"24/11/2021";4;"Prepayment";-495;"GBP";"";"";"";"";"";"";"";"";"";""
"Rashad";"Sipes";"15/10/1990";"";"";"22 Limerick Road";"";"B3 1JK";"Birmingham";"GB";"daisy01.sunshine01+rashad.sipes@gmail.com";"+4989123343";"";"";"";1;1;0;"";"";"";"";"Single";"G.008";"";"Direct";"";"Non Refundable";"1111";96;"QBLRCCON-1";"LND";"QBLRCCON";"Confirmed";"15/10/2021";"20/11/2021";"21/11/2021";1;"Prepayment";-96;"GBP";"";"";"";"";"";"";"";"";"";""
"Amon";"Spielvogel";"15/10/1990";"";"";"Leopoldstraße 8-10";"";"80802";"München";"DE";"daisy01.sunshine01+amon.spielvogel@gmail.com";"+4989123343";"";"";"";2;2;0;"";"";"";"";"Double";"3.009";"";"Direct";"";"Include Breakfast";"1111";128;"REEITYVA-1";"VIE";"REEITYVA";"Confirmed";"15/10/2021";"26/11/2021";"27/11/2021";1;"Credit Card";-128;"EUR";"";"";"";"";"";"";"";"";"";""
"Ciara";"Lakin";"15/10/1990";"";"";"22 Limerick Road";"";"B3 1JK";"Birmingham";"GB";"daisy01.sunshine01+ciara.lakin@gmail.com";"+4989123343";"";"";"";1;1;0;"";"";"";"";"Family room";"3.002";"";"Direct";"";"Non Refundable Family";"1111";348;"JPFEVCUC-1";"LND";"JPFEVCUC";"Confirmed";"15/10/2021";"1/12/2021";"4/12/2021";3;"Prepayment";-348;"GBP";"";"";"";"";"";"";"";"";"";""
"Joy";"Spinner";"15/10/1990";"";"";"Leopoldstraße 8-10";"";"80802";"München";"DE";"daisy01.sunshine01+joy.spinner@gmail.com";"+4989123343";"";"";"";1;1;0;"";"";"";"";"Single";"4.003";"";"Direct";"";"Non Refundable";"1111";490;"GLXCLRGA-1";"VIE";"GLXCLRGA";"Confirmed";"15/10/2021";"1/12/2021";"10/12/2021";9;"Prepayment";-490;"EUR";"";"";"";"";"";"";"";"";"";""
"Matteo";"Glatting";"15/10/1990";"";"";"Leopoldstraße 8-10";"";"80802";"München";"DE";"daisy01.sunshine01+matteo.glatting@gmail.com";"+4989123343";"";"";"";2;2;0;"";"";"";"";"Double";"4.014";"";"Direct";"";"Include Breakfast";"1111";244;"BDGYFDYD-1";"VIE";"BDGYFDYD";"Confirmed";"15/10/2021";"4/12/2021";"6/12/2021";2;"Credit Card";-244;"EUR";"";"";"";"";"";"";"";"";"";""
"Marlene";"Hillard";"15/10/1990";"";"";"Leopoldstraße 8-10";"";"80802";"München";"DE";"daisy01.sunshine01+marlene.hillard@gmail.com";"+4989123343";"";"";"";2;2;0;"";"";"";"";"Double";"1.013";"";"Direct";"";"Include Breakfast";"1111";172;"GXNXFXVS-1";"MUC";"GXNXFXVS";"Confirmed";"15/10/2021";"11/12/2021";"12/12/2021";1;"Credit Card";-172;"EUR";"";"";"";"";"";"";"";"";"";""
"Elias";"Jungton";"15/10/1990";"";"";"Leopoldstraße 8-10";"";"80802";"München";"DE";"daisy01.sunshine01+elias.jungton@gmail.com";"+4989123343";"";"";"";1;1;0;"";"";"";"";"Double";"G.016";"";"Direct";"";"Flexible";"1111";250;"KRHYZYJV-1";"MUC";"KRHYZYJV";"Confirmed";"15/10/2021";"13/12/2021";"15/12/2021";2;"Credit Card";-250;"EUR";"";"";"";"";"";"";"";"";"";""
"Frieda";"Sammert";"15/10/1990";"";"";"Leopoldstraße 8-10";"";"80802";"München";"DE";"daisy01.sunshine01+frieda.sammert@gmail.com";"+4989123343";"";"";"";2;2;0;"";"";"";"";"Double";"1.005";"";"Direct";"";"Non Refundable";"1111";378;"KBXRXNZB-1";"MUC";"KBXRXNZB";"Confirmed";"15/10/2021";"13/12/2021";"16/12/2021";3;"Prepayment";-378;"EUR";"";"";"";"";"";"";"";"";"";""
"Sanja";"Hördt";"15/10/1990";"";"";"Leopoldstraße 8-10";"";"80802";"München";"DE";"daisy01.sunshine01+sanja.hördt@gmail.com";"+4989123343";"";"";"";2;2;0;"";"";"";"";"Double";"1.001";"";"Direct";"";"Include Breakfast";"1111";313;"YIAMPIWG-1";"MUC";"YIAMPIWG";"Confirmed";"15/10/2021";"16/12/2021";"18/12/2021";2;"Credit Card";-313;"EUR";"";"";"";"";"";"";"";"";"";""
"Saphira";"Dietrich";"15/10/1990";"";"";"Leopoldstraße 8-10";"";"80802";"München";"DE";"daisy01.sunshine01+saphira.dietrich@gmail.com";"+4989123343";"";"";"";1;1;0;"";"";"";"";"Single";"3.011";"";"Direct";"";"Flexible";"1111";574;"TPIRMDIB-1";"VIE";"TPIRMDIB";"Confirmed";"15/10/2021";"17/12/2021";"25/12/2021";8;"Credit Card";-574;"EUR";"";"";"";"";"";"";"";"";"";""
"Nikolas";"Borrmann";"15/10/1990";"";"";"Leopoldstraße 8-10";"";"80802";"München";"DE";"daisy01.sunshine01+nikolas.borrmann@gmail.com";"+4989123343";"";"";"";2;2;0;"";"";"";"";"Double";"4.015";"";"Direct";"";"Include Breakfast";"1111";134;"UQZPJWQO-1";"BER";"UQZPJWQO";"Confirmed";"15/10/2021";"20/12/2021";"21/12/2021";1;"Credit Card";-134;"EUR";"";"";"";"";"";"";"";"";"";""
"Jerome";"Auer";"15/10/1990";"";"";"Leopoldstraße 8-10";"";"80802";"München";"DE";"daisy01.sunshine01+jerome.auer@gmail.com";"+4989123343";"";"";"";2;2;0;"";"";"";"";"Double";"G.015";"";"Direct";"";"Include Breakfast";"1111";368;"ERTUKDVR-1";"VIE";"ERTUKDVR";"Confirmed";"15/10/2021";"22/12/2021";"25/12/2021";3;"Credit Card";-368;"EUR";"";"";"";"";"";"";"";"";"";""
"Ecrin";"Ostendarp";"15/10/1990";"";"";"Leopoldstraße 8-10";"";"80802";"München";"DE";"daisy01.sunshine01+ecrin.ostendarp@gmail.com";"+4989123343";"";"";"";2;2;0;"";"";"";"";"Double";"4.015";"";"Direct";"";"Flexible";"1111";125;"SFSDHLPE-1";"VIE";"SFSDHLPE";"Confirmed";"15/10/2021";"26/12/2021";"27/12/2021";1;"Credit Card";-125;"EUR";"";"";"";"";"";"";"";"";"";""
"Maximillia";"Romaguera";"15/10/1990";"";"";"22 Limerick Road";"";"B3 1JK";"Birmingham";"GB";"daisy01.sunshine01+maximillia.romaguera@gmail.com";"+4989123343";"";"";"";1;1;0;"";"";"";"";"Double";"2.015";"";"Direct";"";"Flexible";"1111";397;"QYUHNFEK-1";"LND";"QYUHNFEK";"Confirmed";"15/10/2021";"26/12/2021";"29/12/2021";3;"Credit Card";-397;"GBP";"";"";"";"";"";"";"";"";"";""
"Melinda";"Achkinadze";"15/10/1990";"";"";"Leopoldstraße 8-10";"";"80802";"München";"DE";"daisy01.sunshine01+melinda.achkinadze@gmail.com";"+4989123343";"";"";"";1;1;0;"";"";"";"";"Double";"1.012";"";"Direct";"";"Non Refundable";"1111";127;"WTDNQLYB-1";"MUC";"WTDNQLYB";"Confirmed";"15/10/2021";"12/1/2022";"13/1/2022";1;"Prepayment";-127;"EUR";"";"";"";"";"";"";"";"";"";""
"Rebecca";"Bürklein";"15/10/1990";"";"";"Leopoldstraße 8-10";"";"80802";"München";"DE";"daisy01.sunshine01+rebecca.bürklein@gmail.com";"+4989123343";"";"";"";1;1;0;"";"";"";"";"Double";"1.005";"";"Direct";"";"Include Breakfast";"1111";112;"FABAEOFI-1";"BER";"FABAEOFI";"Confirmed";"15/10/2021";"15/1/2022";"16/1/2022";1;"Credit Card";-112;"EUR";"";"";"";"";"";"";"";"";"";""
"Joanie";"Smith";"15/10/1990";"";"";"22 Limerick Road";"";"B3 1JK";"Birmingham";"GB";"daisy01.sunshine01+joanie.smith@gmail.com";"+4989123343";"";"";"";2;2;0;"";"";"";"";"Double";"2.009";"";"Direct";"";"Non Refundable";"1111";123;"OYRHALRA-1";"LND";"OYRHALRA";"Confirmed";"15/10/2021";"6/2/2022";"7/2/2022";1;"Prepayment";-123;"GBP";"";"";"";"";"";"";"";"";"";""
"Larry";"Kshlerin";"15/10/1990";"";"";"22 Limerick Road";"";"B3 1JK";"Birmingham";"GB";"daisy01.sunshine01+larry.kshlerin@gmail.com";"+4989123343";"";"";"";1;1;0;"";"";"";"";"Double";"1.001";"";"Direct";"";"Include Breakfast";"1111";160;"AXEGMZWQ-1";"LND";"AXEGMZWQ";"Confirmed";"15/10/2021";"12/2/2022";"13/2/2022";1;"Credit Card";-160;"GBP";"";"";"";"";"";"";"";"";"";""
"Laureen";"Wittich";"15/10/1990";"";"";"Leopoldstraße 8-10";"";"80802";"München";"DE";"daisy01.sunshine01+laureen.wittich@gmail.com";"+4989123343";"";"";"";1;1;0;"";"";"";"";"Double";"1.005";"";"Direct";"";"Flexible";"1111";147;"CNKRCVXM-1";"MUC";"CNKRCVXM";"Confirmed";"15/10/2021";"16/2/2022";"17/2/2022";1;"Credit Card";-147;"EUR";"";"";"";"";"";"";"";"";"";""
"Rosalind";"Spinka";"15/10/1990";"";"";"22 Limerick Road";"";"B3 1JK";"Birmingham";"GB";"daisy01.sunshine01+rosalind.spinka@gmail.com";"+4989123343";"";"";"";1;1;0;"";"";"";"";"Family room";"3.002";"";"Direct";"";"Flexible Family";"1111";278;"REJIZLDW-1";"LND";"REJIZLDW";"Confirmed";"15/10/2021";"28/2/2022";"2/3/2022";2;"Credit Card";-278;"GBP";"";"";"";"";"";"";"";"";"";""
"Tillmann";"Heck";"15/10/1990";"";"";"Leopoldstraße 8-10";"";"80802";"München";"DE";"daisy01.sunshine01+tillmann.heck@gmail.com";"+4989123343";"";"";"";2;2;0;"";"";"";"";"Double";"2.010";"";"Direct";"";"Flexible";"1111";127;"FGMHVNQY-1";"VIE";"FGMHVNQY";"Confirmed";"15/10/2021";"8/4/2022";"9/4/2022";1;"Credit Card";-127;"EUR";"";"";"";"";"";"";"";"";"";""